{
  "input": {
    "recall": 1.0,
    "precision": 0.9256198347107438,
    "m_effectiveness": 0.5,
    "review_cost": 0.0,
    "loss_mean": 2793.6360907688804,
    "n_pos": 112,
    "n_total": 287
  },
  "impact": {
    "TP": 112.0,
    "FN": 0.0,
    "FP": 8.999999999999996,
    "L_base": 312887.2421661146,
    "L_post": 156443.6210830573,
    "ahorro": 156443.6210830573,
    "ahorro_pct": 50.0
  },
  "rc": {
    "rc_pre": 2500000,
    "reduction_rho": 0.5,
    "rc_post": 1250000.0
  }
}