{
  "threshold": 0.006326577160507441,
  "metrics": {
    "recall": {
      "value": 1.0,
      "ci95": [
        1.0,
        1.0
      ]
    },
    "precision": {
      "value": 0.9256198347107438,
      "ci95": [
        0.8720345345345345,
        0.9656719717064545
      ]
    },
    "f1": {
      "value": 0.9613733905579399,
      "ci95": [
        0.9316427075399848,
        0.9825362318840579
      ]
    },
    "accuracy": {
      "value": 0.9686411149825784,
      "ci95": [
        0.9477351916376306,
        0.9860627177700348
      ]
    },
    "roc_auc": 0.9995918367346939
  },
  "confusion_matrix": [
    [
      166,
      9
    ],
    [
      0,
      112
    ]
  ],
  "n_test": 287,
  "prevalence": 0.3902439024390244
}