{
  "threshold": 0.3954906463623047,
  "metrics": {
    "recall": {
      "value": 1.0,
      "ci95": [
        1.0,
        1.0
      ]
    },
    "precision": {
      "value": 0.9911504424778761,
      "ci95": [
        0.9716981132075472,
        1.0
      ]
    },
    "f1": {
      "value": 0.9955555555555555,
      "ci95": [
        0.9856459330143541,
        1.0
      ]
    },
    "accuracy": {
      "value": 0.9965156794425087,
      "ci95": [
        0.9895470383275261,
        1.0
      ]
    },
    "roc_auc": 0.9999489795918368
  },
  "confusion_matrix": [
    [
      174,
      1
    ],
    [
      0,
      112
    ]
  ],
  "n_test": 287,
  "prevalence": 0.3902439024390244
}