{
  "threshold": 0.006326577160507441,
  "recall": 1.0,
  "f1": 0.9613733905579399,
  "accuracy": 0.9686411149825784,
  "prevalence_train": 0.39098837209302323,
  "prevalence_test": 0.3902439024390244,
  "scale_pos_weight": 1.5576208178438662
}